{
    "1.2.3.4": {
        "attempts": 0,
        "blocked_until": 0,
        "last_seen": 1770397127.3363142
    },
    "127.0.0.1": {
        "attempts": 0,
        "blocked_until": 1770572220.558987,
        "last_seen": 1770656325.7927868
    }
}